1,Category-1,master,1
2,Category-2,master,2
3,Category-3,master,3
4,Category-4,master,4
5,Category-5,master,5
6,Category-6,master,6
7,Category-7,master,7
8,Category-8,master,8
9,Category-9,master,9
10,Category-10,master,10
11,Category-11,master,11
12,Category-12,master,12
13,Category-13,master,13
14,Category-14,master,14
15,Category-15,master,15
16,Category-16,master,16
17,Category-17,master,17
18,Category-18,master,18
19,Category-19,master,19
20,Category-20,master,20
21,Category-21,master,21
22,Category-22,master,22
23,Category-23,master,23
24,Category-24,master,24
25,Category-25,master,25
26,Category-26,master,26
27,Category-27,master,27
28,Category-28,master,28
29,Category-29,master,29
30,Category-30,master,30
31,Category-31,master,31
32,Category-32,master,32
33,Category-33,master,33
34,Category-34,master,34
35,Category-35,master,35
36,Category-36,master,36
37,Category-37,master,37
38,Category-38,master,38
39,Category-39,master,39
40,Category-40,master,40
41,Category-41,master,41
42,Category-42,master,42
43,Category-43,master,43
44,Category-44,master,44
45,Category-45,master,45
46,Category-46,master,46
47,Category-47,master,47
48,Category-48,master,48
49,Category-49,master,49
50,Category-50,master,50
51,Category-51,master,51
52,Category-52,master,52
53,Category-53,master,53
54,Category-54,master,54
55,Category-55,master,55
56,Category-56,master,56
57,Category-57,master,57
58,Category-58,master,58
59,Category-59,master,59
60,Category-60,master,60
61,Category-61,master,61
62,Category-62,master,62
63,Category-63,master,63
64,Category-64,master,64
65,Category-65,master,65
66,Category-66,master,66
67,Category-67,master,67
68,Category-68,master,68
69,Category-69,master,69
70,Category-70,master,70
71,Category-71,master,71
72,Category-72,master,72
73,Category-73,master,73
74,Category-74,master,74
75,Category-75,master,75
76,Category-76,master,76
77,Category-77,master,77
78,Category-78,master,78
79,Category-79,master,79
80,Category-80,master,80
81,Category-81,master,81
82,Category-82,master,82
83,Category-83,master,83
84,Category-84,master,84
85,Category-85,master,85
86,Category-86,master,86
87,Category-87,master,87
88,Category-88,master,88
89,Category-89,master,89
90,Category-90,master,90
91,Category-91,master,91
92,Category-92,master,92
93,Category-93,master,93
94,Category-94,master,94
95,Category-95,master,95
96,Category-96,master,96
97,Category-97,master,97
98,Category-98,master,98
99,Category-99,master,99
100,Category-100,master,100
101,Category-101,master,101
102,Category-102,master,102
103,Category-103,master,103
104,Category-104,master,104
105,Category-105,master,105
106,Category-106,master,106
107,Category-107,master,107
108,Category-108,master,108
109,Category-109,master,109
110,Category-110,master,110
111,Category-111,master,111
112,Category-112,master,112
113,Category-113,master,113
114,Category-114,master,114
115,Category-115,master,115
116,Category-116,master,116
117,Category-117,master,117
118,Category-118,master,118
119,Category-119,master,119
120,Category-120,master,120
121,Category-121,master,121
122,Category-122,master,122
123,Category-123,master,123
124,Category-124,master,124
125,Category-125,master,125
126,Category-126,master,126
127,Category-127,master,127
128,Category-128,master,128
129,Category-129,master,129
130,Category-130,master,130
131,Category-131,master,131
132,Category-132,master,132
133,Category-133,master,133
134,Category-134,master,134
135,Category-135,master,135
136,Category-136,master,136
137,Category-137,master,137
138,Category-138,master,138
139,Category-139,master,139
140,Category-140,master,140
141,Category-141,master,141
142,Category-142,master,142
143,Category-143,master,143
144,Category-144,master,144
145,Category-145,master,145
146,Category-146,master,146
147,Category-147,master,147
148,Category-148,master,148
149,Category-149,master,149
150,Category-150,master,150
151,Category-151,master,151
152,Category-152,master,152
153,Category-153,master,153
154,Category-154,master,154
155,Category-155,master,155
156,Category-156,master,156
157,Category-157,master,157
158,Category-158,master,158
159,Category-159,master,159
160,Category-160,master,160
161,Category-161,master,161
162,Category-162,master,162
163,Category-163,master,163
164,Category-164,master,164
165,Category-165,master,165
166,Category-166,master,166
167,Category-167,master,167
168,Category-168,master,168
169,Category-169,master,169
170,Category-170,master,170
171,Category-171,master,171
172,Category-172,master,172
173,Category-173,master,173
174,Category-174,master,174
175,Category-175,master,175
176,Category-176,master,176
177,Category-177,master,177
178,Category-178,master,178
179,Category-179,master,179
180,Category-180,master,180
181,Category-181,master,181
182,Category-182,master,182
183,Category-183,master,183
184,Category-184,master,184
185,Category-185,master,185
186,Category-186,master,186
187,Category-187,master,187
188,Category-188,master,188
189,Category-189,master,189
190,Category-190,master,190
191,Category-191,master,191
192,Category-192,master,192
193,Category-193,master,193
194,Category-194,master,194
195,Category-195,master,195
196,Category-196,master,196
197,Category-197,master,197
198,Category-198,master,198
199,Category-199,master,199
200,Category-200,master,200
201,Category-201,master,201
202,Category-202,master,202
203,Category-203,master,203
204,Category-204,master,204
205,Category-205,master,205
206,Category-206,master,206
207,Category-207,master,207
208,Category-208,master,208
209,Category-209,master,209
210,Category-210,master,210
211,Category-211,master,211
212,Category-212,master,212
213,Category-213,master,213
214,Category-214,master,214
215,Category-215,master,215
216,Category-216,master,216
217,Category-217,master,217
218,Category-218,master,218
219,Category-219,master,219
220,Category-220,master,220
221,Category-221,master,221
222,Category-222,master,222
223,Category-223,master,223
224,Category-224,master,224
225,Category-225,master,225
226,Category-226,master,226
227,Category-227,master,227
228,Category-228,master,228
229,Category-229,master,229
230,Category-230,master,230
231,Category-231,master,231
232,Category-232,master,232
233,Category-233,master,233
234,Category-234,master,234
235,Category-235,master,235
236,Category-236,master,236
237,Category-237,master,237
238,Category-238,master,238
239,Category-239,master,239
240,Category-240,master,240
241,Category-241,master,241
242,Category-242,master,242
243,Category-243,master,243
244,Category-244,master,244
245,Category-245,master,245
246,Category-246,master,246
247,Category-247,master,247
248,Category-248,master,248
249,Category-249,master,249
250,Category-250,master,250
251,Category-251,master,251
252,Category-252,master,252
253,Category-253,master,253
254,Category-254,master,254
255,Category-255,master,255
256,Category-256,master,256
257,Category-257,master,257
258,Category-258,master,258
259,Category-259,master,259
260,Category-260,master,260
261,Category-261,master,261
262,Category-262,master,262
263,Category-263,master,263
264,Category-264,master,264
265,Category-265,master,265
266,Category-266,master,266
267,Category-267,master,267
268,Category-268,master,268
269,Category-269,master,269
270,Category-270,master,270
271,Category-271,master,271
272,Category-272,master,272
273,Category-273,master,273
274,Category-274,master,274
275,Category-275,master,275
276,Category-276,master,276
277,Category-277,master,277
278,Category-278,master,278
279,Category-279,master,279
280,Category-280,master,280
281,Category-281,master,281
282,Category-282,master,282
283,Category-283,master,283
284,Category-284,master,284
285,Category-285,master,285
286,Category-286,master,286
287,Category-287,master,287
288,Category-288,master,288
289,Category-289,master,289
290,Category-290,master,290
291,Category-291,master,291
292,Category-292,master,292
293,Category-293,master,293
294,Category-294,master,294
295,Category-295,master,295
296,Category-296,master,296
297,Category-297,master,297
298,Category-298,master,298
299,Category-299,master,299
300,Category-300,master,300
301,Category-301,master,301
302,Category-302,master,302
303,Category-303,master,303
304,Category-304,master,304
305,Category-305,master,305
306,Category-306,master,306
307,Category-307,master,307
308,Category-308,master,308
309,Category-309,master,309
310,Category-310,master,310
311,Category-311,master,311
312,Category-312,master,312
313,Category-313,master,313
314,Category-314,master,314
315,Category-315,master,315
316,Category-316,master,316
317,Category-317,master,317
318,Category-318,master,318
319,Category-319,master,319
320,Category-320,master,320
321,Category-321,master,321
322,Category-322,master,322
323,Category-323,master,323
324,Category-324,master,324
325,Category-325,master,325
326,Category-326,master,326
327,Category-327,master,327
328,Category-328,master,328
329,Category-329,master,329
330,Category-330,master,330
331,Category-331,master,331
332,Category-332,master,332
333,Category-333,master,333
334,Category-334,master,334
335,Category-335,master,335
336,Category-336,master,336
337,Category-337,master,337
338,Category-338,master,338
339,Category-339,master,339
340,Category-340,master,340
341,Category-341,master,341
342,Category-342,master,342
343,Category-343,master,343
344,Category-344,master,344
345,Category-345,master,345
346,Category-346,master,346
347,Category-347,master,347
348,Category-348,master,348
349,Category-349,master,349
350,Category-350,master,350
351,Category-351,master,351
352,Category-352,master,352
353,Category-353,master,353
354,Category-354,master,354
355,Category-355,master,355
356,Category-356,master,356
357,Category-357,master,357
358,Category-358,master,358
359,Category-359,master,359
360,Category-360,master,360
361,Category-361,master,361
362,Category-362,master,362
363,Category-363,master,363
364,Category-364,master,364
365,Category-365,master,365
366,Category-366,master,366
367,Category-367,master,367
368,Category-368,master,368
369,Category-369,master,369
370,Category-370,master,370
371,Category-371,master,371
372,Category-372,master,372
373,Category-373,master,373
374,Category-374,master,374
375,Category-375,master,375
376,Category-376,master,376
377,Category-377,master,377
378,Category-378,master,378
379,Category-379,master,379
380,Category-380,master,380
381,Category-381,master,381
382,Category-382,master,382
383,Category-383,master,383
384,Category-384,master,384
385,Category-385,master,385
386,Category-386,master,386
387,Category-387,master,387
388,Category-388,master,388
389,Category-389,master,389
390,Category-390,master,390
391,Category-391,master,391
392,Category-392,master,392
393,Category-393,master,393
394,Category-394,master,394
395,Category-395,master,395
396,Category-396,master,396
397,Category-397,master,397
398,Category-398,master,398
399,Category-399,master,399
400,Category-400,master,400
401,Category-401,master,401
402,Category-402,master,402
403,Category-403,master,403
404,Category-404,master,404
405,Category-405,master,405
406,Category-406,master,406
407,Category-407,master,407
408,Category-408,master,408
409,Category-409,master,409
410,Category-410,master,410
411,Category-411,master,411
412,Category-412,master,412
413,Category-413,master,413
414,Category-414,master,414
415,Category-415,master,415
416,Category-416,master,416
417,Category-417,master,417
418,Category-418,master,418
419,Category-419,master,419
420,Category-420,master,420
421,Category-421,master,421
422,Category-422,master,422
423,Category-423,master,423
424,Category-424,master,424
425,Category-425,master,425
426,Category-426,master,426
427,Category-427,master,427
428,Category-428,master,428
429,Category-429,master,429
430,Category-430,master,430
431,Category-431,master,431
432,Category-432,master,432
433,Category-433,master,433
434,Category-434,master,434
435,Category-435,master,435
436,Category-436,master,436
437,Category-437,master,437
438,Category-438,master,438
439,Category-439,master,439
440,Category-440,master,440
441,Category-441,master,441
442,Category-442,master,442
443,Category-443,master,443
444,Category-444,master,444
445,Category-445,master,445
446,Category-446,master,446
447,Category-447,master,447
448,Category-448,master,448
449,Category-449,master,449
450,Category-450,master,450
451,Category-451,master,451
452,Category-452,master,452
453,Category-453,master,453
454,Category-454,master,454
455,Category-455,master,455
456,Category-456,master,456
457,Category-457,master,457
458,Category-458,master,458
459,Category-459,master,459
460,Category-460,master,460
461,Category-461,master,461
462,Category-462,master,462
463,Category-463,master,463
464,Category-464,master,464
465,Category-465,master,465
466,Category-466,master,466
467,Category-467,master,467
468,Category-468,master,468
469,Category-469,master,469
470,Category-470,master,470
471,Category-471,master,471
472,Category-472,master,472
473,Category-473,master,473
474,Category-474,master,474
475,Category-475,master,475
476,Category-476,master,476
477,Category-477,master,477
478,Category-478,master,478
479,Category-479,master,479
480,Category-480,master,480
481,Category-481,master,481
482,Category-482,master,482
483,Category-483,master,483
484,Category-484,master,484
485,Category-485,master,485
486,Category-486,master,486
487,Category-487,master,487
488,Category-488,master,488
489,Category-489,master,489
490,Category-490,master,490
491,Category-491,master,491
492,Category-492,master,492
493,Category-493,master,493
494,Category-494,master,494
495,Category-495,master,495
496,Category-496,master,496
497,Category-497,master,497
498,Category-498,master,498
499,Category-499,master,499
500,Category-500,master,500
501,Category-501,master,501
502,Category-502,master,502
503,Category-503,master,503
504,Category-504,master,504
505,Category-505,master,505
506,Category-506,master,506
507,Category-507,master,507
508,Category-508,master,508
509,Category-509,master,509
510,Category-510,master,510
511,Category-511,master,511
512,Category-512,master,512
513,Category-513,master,513
514,Category-514,master,514
515,Category-515,master,515
516,Category-516,master,516
517,Category-517,master,517
518,Category-518,master,518
519,Category-519,master,519
520,Category-520,master,520
521,Category-521,master,521
522,Category-522,master,522
523,Category-523,master,523
524,Category-524,master,524
525,Category-525,master,525
526,Category-526,master,526
527,Category-527,master,527
528,Category-528,master,528
529,Category-529,master,529
530,Category-530,master,530
531,Category-531,master,531
532,Category-532,master,532
533,Category-533,master,533
534,Category-534,master,534
535,Category-535,master,535
536,Category-536,master,536
537,Category-537,master,537
538,Category-538,master,538
539,Category-539,master,539
540,Category-540,master,540
541,Category-541,master,541
542,Category-542,master,542
543,Category-543,master,543
544,Category-544,master,544
545,Category-545,master,545
546,Category-546,master,546
547,Category-547,master,547
548,Category-548,master,548
549,Category-549,master,549
550,Category-550,master,550
551,Category-551,master,551
552,Category-552,master,552
553,Category-553,master,553
554,Category-554,master,554
555,Category-555,master,555
556,Category-556,master,556
557,Category-557,master,557
558,Category-558,master,558
559,Category-559,master,559
560,Category-560,master,560
561,Category-561,master,561
562,Category-562,master,562
563,Category-563,master,563
564,Category-564,master,564
565,Category-565,master,565
566,Category-566,master,566
567,Category-567,master,567
568,Category-568,master,568
569,Category-569,master,569
570,Category-570,master,570
571,Category-571,master,571
572,Category-572,master,572
573,Category-573,master,573
574,Category-574,master,574
575,Category-575,master,575
576,Category-576,master,576
577,Category-577,master,577
578,Category-578,master,578
579,Category-579,master,579
580,Category-580,master,580
581,Category-581,master,581
582,Category-582,master,582
583,Category-583,master,583
584,Category-584,master,584
585,Category-585,master,585
586,Category-586,master,586
587,Category-587,master,587
588,Category-588,master,588
589,Category-589,master,589
590,Category-590,master,590
591,Category-591,master,591
592,Category-592,master,592
593,Category-593,master,593
594,Category-594,master,594
595,Category-595,master,595
596,Category-596,master,596
597,Category-597,master,597
598,Category-598,master,598
599,Category-599,master,599
600,Category-600,master,600
601,Category-601,master,601
602,Category-602,master,602
603,Category-603,master,603
604,Category-604,master,604
605,Category-605,master,605
606,Category-606,master,606
607,Category-607,master,607
608,Category-608,master,608
609,Category-609,master,609
610,Category-610,master,610
611,Category-611,master,611
612,Category-612,master,612
613,Category-613,master,613
614,Category-614,master,614
615,Category-615,master,615
616,Category-616,master,616
617,Category-617,master,617
618,Category-618,master,618
619,Category-619,master,619
620,Category-620,master,620
621,Category-621,master,621
622,Category-622,master,622
623,Category-623,master,623
624,Category-624,master,624
625,Category-625,master,625
626,Category-626,master,626
627,Category-627,master,627
628,Category-628,master,628
629,Category-629,master,629
630,Category-630,master,630
631,Category-631,master,631
632,Category-632,master,632
633,Category-633,master,633
634,Category-634,master,634
635,Category-635,master,635
636,Category-636,master,636
637,Category-637,master,637
638,Category-638,master,638
639,Category-639,master,639
640,Category-640,master,640
641,Category-641,master,641
642,Category-642,master,642
643,Category-643,master,643
644,Category-644,master,644
645,Category-645,master,645
646,Category-646,master,646
647,Category-647,master,647
648,Category-648,master,648
649,Category-649,master,649
650,Category-650,master,650
651,Category-651,master,651
652,Category-652,master,652
653,Category-653,master,653
654,Category-654,master,654
655,Category-655,master,655
656,Category-656,master,656
657,Category-657,master,657
658,Category-658,master,658
659,Category-659,master,659
660,Category-660,master,660
661,Category-661,master,661
662,Category-662,master,662
663,Category-663,master,663
664,Category-664,master,664
665,Category-665,master,665
666,Category-666,master,666
667,Category-667,master,667
668,Category-668,master,668
669,Category-669,master,669
670,Category-670,master,670
671,Category-671,master,671
672,Category-672,master,672
673,Category-673,master,673
674,Category-674,master,674
675,Category-675,master,675
676,Category-676,master,676
677,Category-677,master,677
678,Category-678,master,678
679,Category-679,master,679
680,Category-680,master,680
681,Category-681,master,681
682,Category-682,master,682
683,Category-683,master,683
684,Category-684,master,684
685,Category-685,master,685
686,Category-686,master,686
687,Category-687,master,687
688,Category-688,master,688
689,Category-689,master,689
690,Category-690,master,690
691,Category-691,master,691
692,Category-692,master,692
693,Category-693,master,693
694,Category-694,master,694
695,Category-695,master,695
696,Category-696,master,696
697,Category-697,master,697
698,Category-698,master,698
699,Category-699,master,699
700,Category-700,master,700
701,Category-701,master,701
702,Category-702,master,702
703,Category-703,master,703
704,Category-704,master,704
705,Category-705,master,705
706,Category-706,master,706
707,Category-707,master,707
708,Category-708,master,708
709,Category-709,master,709
710,Category-710,master,710
711,Category-711,master,711
712,Category-712,master,712
713,Category-713,master,713
714,Category-714,master,714
715,Category-715,master,715
716,Category-716,master,716
717,Category-717,master,717
718,Category-718,master,718
719,Category-719,master,719
720,Category-720,master,720
721,Category-721,master,721
722,Category-722,master,722
723,Category-723,master,723
724,Category-724,master,724
725,Category-725,master,725
726,Category-726,master,726
727,Category-727,master,727
728,Category-728,master,728
729,Category-729,master,729
730,Category-730,master,730
731,Category-731,master,731
732,Category-732,master,732
733,Category-733,master,733
734,Category-734,master,734
735,Category-735,master,735
736,Category-736,master,736
737,Category-737,master,737
738,Category-738,master,738
739,Category-739,master,739
740,Category-740,master,740
741,Category-741,master,741
742,Category-742,master,742
743,Category-743,master,743
744,Category-744,master,744
745,Category-745,master,745
746,Category-746,master,746
747,Category-747,master,747
748,Category-748,master,748
749,Category-749,master,749
750,Category-750,master,750
751,Category-751,master,751
752,Category-752,master,752
753,Category-753,master,753
754,Category-754,master,754
755,Category-755,master,755
756,Category-756,master,756
757,Category-757,master,757
758,Category-758,master,758
759,Category-759,master,759
760,Category-760,master,760
761,Category-761,master,761
762,Category-762,master,762
763,Category-763,master,763
764,Category-764,master,764
765,Category-765,master,765
766,Category-766,master,766
767,Category-767,master,767
768,Category-768,master,768
769,Category-769,master,769
770,Category-770,master,770
771,Category-771,master,771
772,Category-772,master,772
773,Category-773,master,773
774,Category-774,master,774
775,Category-775,master,775
776,Category-776,master,776
777,Category-777,master,777
778,Category-778,master,778
779,Category-779,master,779
780,Category-780,master,780
781,Category-781,master,781
782,Category-782,master,782
783,Category-783,master,783
784,Category-784,master,784
785,Category-785,master,785
786,Category-786,master,786
787,Category-787,master,787
788,Category-788,master,788
789,Category-789,master,789
790,Category-790,master,790
791,Category-791,master,791
792,Category-792,master,792
793,Category-793,master,793
794,Category-794,master,794
795,Category-795,master,795
796,Category-796,master,796
797,Category-797,master,797
798,Category-798,master,798
799,Category-799,master,799
800,Category-800,master,800
801,Category-801,master,801
802,Category-802,master,802
803,Category-803,master,803
804,Category-804,master,804
805,Category-805,master,805
806,Category-806,master,806
807,Category-807,master,807
808,Category-808,master,808
809,Category-809,master,809
810,Category-810,master,810
811,Category-811,master,811
812,Category-812,master,812
813,Category-813,master,813
814,Category-814,master,814
815,Category-815,master,815
816,Category-816,master,816
817,Category-817,master,817
818,Category-818,master,818
819,Category-819,master,819
820,Category-820,master,820
821,Category-821,master,821
822,Category-822,master,822
823,Category-823,master,823
824,Category-824,master,824
825,Category-825,master,825
826,Category-826,master,826
827,Category-827,master,827
828,Category-828,master,828
829,Category-829,master,829
830,Category-830,master,830
831,Category-831,master,831
832,Category-832,master,832
833,Category-833,master,833
834,Category-834,master,834
835,Category-835,master,835
836,Category-836,master,836
837,Category-837,master,837
838,Category-838,master,838
839,Category-839,master,839
840,Category-840,master,840
841,Category-841,master,841
842,Category-842,master,842
843,Category-843,master,843
844,Category-844,master,844
845,Category-845,master,845
846,Category-846,master,846
847,Category-847,master,847
848,Category-848,master,848
849,Category-849,master,849
850,Category-850,master,850
851,Category-851,master,851
852,Category-852,master,852
853,Category-853,master,853
854,Category-854,master,854
855,Category-855,master,855
856,Category-856,master,856
857,Category-857,master,857
858,Category-858,master,858
859,Category-859,master,859
860,Category-860,master,860
861,Category-861,master,861
862,Category-862,master,862
863,Category-863,master,863
864,Category-864,master,864
865,Category-865,master,865
866,Category-866,master,866
867,Category-867,master,867
868,Category-868,master,868
869,Category-869,master,869
870,Category-870,master,870
871,Category-871,master,871
872,Category-872,master,872
873,Category-873,master,873
874,Category-874,master,874
875,Category-875,master,875
876,Category-876,master,876
877,Category-877,master,877
878,Category-878,master,878
879,Category-879,master,879
880,Category-880,master,880
881,Category-881,master,881
882,Category-882,master,882
883,Category-883,master,883
884,Category-884,master,884
885,Category-885,master,885
886,Category-886,master,886
887,Category-887,master,887
888,Category-888,master,888
889,Category-889,master,889
890,Category-890,master,890
891,Category-891,master,891
892,Category-892,master,892
893,Category-893,master,893
894,Category-894,master,894
895,Category-895,master,895
896,Category-896,master,896
897,Category-897,master,897
898,Category-898,master,898
899,Category-899,master,899
900,Category-900,master,900
901,Category-901,master,901
902,Category-902,master,902
903,Category-903,master,903
904,Category-904,master,904
905,Category-905,master,905
906,Category-906,master,906
907,Category-907,master,907
908,Category-908,master,908
909,Category-909,master,909
910,Category-910,master,910
911,Category-911,master,911
912,Category-912,master,912
913,Category-913,master,913
914,Category-914,master,914
915,Category-915,master,915
916,Category-916,master,916
917,Category-917,master,917
918,Category-918,master,918
919,Category-919,master,919
920,Category-920,master,920
921,Category-921,master,921
922,Category-922,master,922
923,Category-923,master,923
924,Category-924,master,924
925,Category-925,master,925
926,Category-926,master,926
927,Category-927,master,927
928,Category-928,master,928
929,Category-929,master,929
930,Category-930,master,930
931,Category-931,master,931
932,Category-932,master,932
933,Category-933,master,933
934,Category-934,master,934
935,Category-935,master,935
936,Category-936,master,936
937,Category-937,master,937
938,Category-938,master,938
939,Category-939,master,939
940,Category-940,master,940
941,Category-941,master,941
942,Category-942,master,942
943,Category-943,master,943
944,Category-944,master,944
945,Category-945,master,945
946,Category-946,master,946
947,Category-947,master,947
948,Category-948,master,948
949,Category-949,master,949
950,Category-950,master,950
951,Category-951,master,951
952,Category-952,master,952
953,Category-953,master,953
954,Category-954,master,954
955,Category-955,master,955
956,Category-956,master,956
957,Category-957,master,957
958,Category-958,master,958
959,Category-959,master,959
960,Category-960,master,960
961,Category-961,master,961
962,Category-962,master,962
963,Category-963,master,963
964,Category-964,master,964
965,Category-965,master,965
966,Category-966,master,966
967,Category-967,master,967
968,Category-968,master,968
969,Category-969,master,969
970,Category-970,master,970
971,Category-971,master,971
972,Category-972,master,972
973,Category-973,master,973
974,Category-974,master,974
975,Category-975,master,975
976,Category-976,master,976
977,Category-977,master,977
978,Category-978,master,978
979,Category-979,master,979
980,Category-980,master,980
981,Category-981,master,981
982,Category-982,master,982
983,Category-983,master,983
984,Category-984,master,984
985,Category-985,master,985
986,Category-986,master,986
987,Category-987,master,987
988,Category-988,master,988
989,Category-989,master,989
990,Category-990,master,990
991,Category-991,master,991
992,Category-992,master,992
993,Category-993,master,993
994,Category-994,master,994
995,Category-995,master,995
996,Category-996,master,996
997,Category-997,master,997
998,Category-998,master,998
999,Category-999,master,999
1000,Category-1000,master,1000
1001,Category-1001,master,1001
1002,Category-1002,master,1002
1003,Category-1003,master,1003
1004,Category-1004,master,1004
1005,Category-1005,master,1005
1006,Category-1006,master,1006
1007,Category-1007,master,1007
1008,Category-1008,master,1008
1009,Category-1009,master,1009
1010,Category-1010,master,1010
1011,Category-1011,master,1011
1012,Category-1012,master,1012
1013,Category-1013,master,1013
1014,Category-1014,master,1014
1015,Category-1015,master,1015
1016,Category-1016,master,1016
1017,Category-1017,master,1017
1018,Category-1018,master,1018
1019,Category-1019,master,1019
1020,Category-1020,master,1020
1021,Category-1021,master,1021
1022,Category-1022,master,1022
1023,Category-1023,master,1023
1024,Category-1024,master,1024
1025,Category-1025,master,1025
1026,Category-1026,master,1026
1027,Category-1027,master,1027
1028,Category-1028,master,1028
1029,Category-1029,master,1029
1030,Category-1030,master,1030
1031,Category-1031,master,1031
1032,Category-1032,master,1032
1033,Category-1033,master,1033
1034,Category-1034,master,1034
1035,Category-1035,master,1035
1036,Category-1036,master,1036
1037,Category-1037,master,1037
1038,Category-1038,master,1038
1039,Category-1039,master,1039
1040,Category-1040,master,1040
1041,Category-1041,master,1041
1042,Category-1042,master,1042
1043,Category-1043,master,1043
1044,Category-1044,master,1044
1045,Category-1045,master,1045
1046,Category-1046,master,1046
1047,Category-1047,master,1047
1048,Category-1048,master,1048
1049,Category-1049,master,1049
1050,Category-1050,master,1050
1051,Category-1051,master,1051
1052,Category-1052,master,1052
1053,Category-1053,master,1053
1054,Category-1054,master,1054
1055,Category-1055,master,1055
1056,Category-1056,master,1056
1057,Category-1057,master,1057
1058,Category-1058,master,1058
1059,Category-1059,master,1059
1060,Category-1060,master,1060
1061,Category-1061,master,1061
1062,Category-1062,master,1062
1063,Category-1063,master,1063
1064,Category-1064,master,1064
1065,Category-1065,master,1065
1066,Category-1066,master,1066
1067,Category-1067,master,1067
1068,Category-1068,master,1068
1069,Category-1069,master,1069
1070,Category-1070,master,1070
1071,Category-1071,master,1071
1072,Category-1072,master,1072
1073,Category-1073,master,1073
1074,Category-1074,master,1074
1075,Category-1075,master,1075
1076,Category-1076,master,1076
1077,Category-1077,master,1077
1078,Category-1078,master,1078
1079,Category-1079,master,1079
1080,Category-1080,master,1080
1081,Category-1081,master,1081
1082,Category-1082,master,1082
1083,Category-1083,master,1083
1084,Category-1084,master,1084
1085,Category-1085,master,1085
1086,Category-1086,master,1086
1087,Category-1087,master,1087
1088,Category-1088,master,1088
1089,Category-1089,master,1089
1090,Category-1090,master,1090
1091,Category-1091,master,1091
1092,Category-1092,master,1092
1093,Category-1093,master,1093
1094,Category-1094,master,1094
1095,Category-1095,master,1095
1096,Category-1096,master,1096
1097,Category-1097,master,1097
1098,Category-1098,master,1098
1099,Category-1099,master,1099
1100,Category-1100,master,1100
1101,Category-1101,master,1101
1102,Category-1102,master,1102
1103,Category-1103,master,1103
1104,Category-1104,master,1104
1105,Category-1105,master,1105
1106,Category-1106,master,1106
1107,Category-1107,master,1107
1108,Category-1108,master,1108
1109,Category-1109,master,1109
1110,Category-1110,master,1110
1111,Category-1111,master,1111
1112,Category-1112,master,1112
1113,Category-1113,master,1113
1114,Category-1114,master,1114
1115,Category-1115,master,1115
1116,Category-1116,master,1116
1117,Category-1117,master,1117
1118,Category-1118,master,1118
1119,Category-1119,master,1119
1120,Category-1120,master,1120
1121,Category-1121,master,1121
1122,Category-1122,master,1122
1123,Category-1123,master,1123
1124,Category-1124,master,1124
1125,Category-1125,master,1125
1126,Category-1126,master,1126
1127,Category-1127,master,1127
1128,Category-1128,master,1128
1129,Category-1129,master,1129
1130,Category-1130,master,1130
1131,Category-1131,master,1131
1132,Category-1132,master,1132
1133,Category-1133,master,1133
1134,Category-1134,master,1134
1135,Category-1135,master,1135
1136,Category-1136,master,1136
1137,Category-1137,master,1137
1138,Category-1138,master,1138
1139,Category-1139,master,1139
1140,Category-1140,master,1140
1141,Category-1141,master,1141
1142,Category-1142,master,1142
1143,Category-1143,master,1143
1144,Category-1144,master,1144
1145,Category-1145,master,1145
1146,Category-1146,master,1146
1147,Category-1147,master,1147
1148,Category-1148,master,1148
1149,Category-1149,master,1149
1150,Category-1150,master,1150
1151,Category-1151,master,1151
1152,Category-1152,master,1152
1153,Category-1153,master,1153
1154,Category-1154,master,1154
1155,Category-1155,master,1155
1156,Category-1156,master,1156
1157,Category-1157,master,1157
1158,Category-1158,master,1158
1159,Category-1159,master,1159
1160,Category-1160,master,1160
1161,Category-1161,master,1161
1162,Category-1162,master,1162
1163,Category-1163,master,1163
1164,Category-1164,master,1164
1165,Category-1165,master,1165
1166,Category-1166,master,1166
1167,Category-1167,master,1167
1168,Category-1168,master,1168
1169,Category-1169,master,1169
1170,Category-1170,master,1170
1171,Category-1171,master,1171
1172,Category-1172,master,1172
1173,Category-1173,master,1173
1174,Category-1174,master,1174
1175,Category-1175,master,1175
1176,Category-1176,master,1176
1177,Category-1177,master,1177
1178,Category-1178,master,1178
1179,Category-1179,master,1179
1180,Category-1180,master,1180
1181,Category-1181,master,1181
1182,Category-1182,master,1182
1183,Category-1183,master,1183
1184,Category-1184,master,1184
1185,Category-1185,master,1185
1186,Category-1186,master,1186
1187,Category-1187,master,1187
1188,Category-1188,master,1188
1189,Category-1189,master,1189
1190,Category-1190,master,1190
1191,Category-1191,master,1191
1192,Category-1192,master,1192
1193,Category-1193,master,1193
1194,Category-1194,master,1194
1195,Category-1195,master,1195
1196,Category-1196,master,1196
1197,Category-1197,master,1197
1198,Category-1198,master,1198
1199,Category-1199,master,1199
1200,Category-1200,master,1200
1201,Category-1201,master,1201
1202,Category-1202,master,1202
1203,Category-1203,master,1203
1204,Category-1204,master,1204
1205,Category-1205,master,1205
1206,Category-1206,master,1206
1207,Category-1207,master,1207
1208,Category-1208,master,1208
1209,Category-1209,master,1209
1210,Category-1210,master,1210
